,precision,recall,f1-score,support
Asian-Green-Bee-Eater,0.9833333333333333,0.9833333333333333,0.9833333333333333,60.0
Brown-Headed-Barbet,0.9666666666666667,0.9666666666666667,0.9666666666666667,60.0
Cattle-Egret,0.9508196721311475,0.9666666666666667,0.9586776859504132,60.0
Common-Kingfisher,0.9830508474576272,0.9666666666666667,0.9747899159663865,60.0
Common-Myna,1.0,0.9333333333333333,0.9655172413793104,60.0
Common-Rosefinch,0.9482758620689655,0.9166666666666666,0.9322033898305084,60.0
Common-Tailorbird,0.8529411764705882,0.9666666666666667,0.90625,60.0
Coppersmith-Barbet,0.9833333333333333,0.9833333333333333,0.9833333333333333,60.0
Forest-Wagtail,0.9661016949152542,0.95,0.957983193277311,60.0
Gray-Wagtail,1.0,1.0,1.0,60.0
Hoopoe,0.9833333333333333,0.9833333333333333,0.9833333333333333,60.0
House-Crow,0.8939393939393939,0.9833333333333333,0.9365079365079365,60.0
Indian-Grey-Hornbill,0.9433962264150944,0.8333333333333334,0.8849557522123894,60.0
Indian-Peacock,0.9661016949152542,0.95,0.957983193277311,60.0
Indian-Pitta,0.9830508474576272,0.9666666666666667,0.9747899159663865,60.0
Indian-Roller,0.9672131147540983,0.9833333333333333,0.9752066115702479,60.0
Jungle-Babbler,0.9193548387096774,0.95,0.9344262295081968,60.0
Northern-Lapwing,0.9836065573770492,1.0,0.9917355371900827,60.0
Red-Wattled-Lapwing,0.9830508474576272,0.9666666666666667,0.9747899159663865,60.0
Ruddy-Shelduck,1.0,1.0,1.0,60.0
Rufous-Treepie,0.9830508474576272,0.9666666666666667,0.9747899159663865,60.0
Sarus-Crane,0.9322033898305084,0.9166666666666666,0.9243697478991597,60.0
White-Breasted-Kingfisher,0.9830508474576272,0.9666666666666667,0.9747899159663865,60.0
White-Breasted-Waterhen,0.9354838709677419,0.9666666666666667,0.9508196721311475,60.0
White-Wagtail,0.9833333333333333,0.9833333333333333,0.9833333333333333,60.0
accuracy,0.962,0.962,0.962,0.962
macro avg,0.9629876691913165,0.9620000000000001,0.962023430822638,1500.0
weighted avg,0.9629876691913164,0.962,0.9620234308226379,1500.0
